{"cameraMode":{"drawMode":0,"name":"Shaded","section":"Shading Mode"},"sceneLighting":true,"audioPlay":false,"sceneViewState":{"showFog":true,"showMaterialUpdate":false,"showSkybox":true,"showFlares":true,"showImageEffects":true,"showParticleSystems":true},"in2DMode":false,"pivot":{"x":-3.3353521823883058,"y":1.5222599506378174,"z":9.793841361999512},"rotation":{"x":0.03569551184773445,"y":0.18185599148273469,"z":-0.0066060516983270649,"w":0.9826560020446777},"size":10.0,"orthographic":false}